65087372,10000,32236,12329.36286,59,BAT2522922,11.13500686,B,C4,MORTGAGE,176346.6267,Not Verified,n,Debt Consolidation,16.28475781,1,0,13,0,24246,74.93255103,7,w,2929.646315,0.102055198,2.498290962,0.79372376,0,INDIVIDUAL,49,0,31,311301,6619,0
1450153,3609,11940,12191.99692,59,BAT1586599,12.23756263,C,D3,RENT,39833.921,Source Verified,n,Debt consolidation,15.41240945,0,0,12,0,812,78.29718601,13,f,772.769385,0.03618117,2.377214756,0.974821103,0,INDIVIDUAL,109,0,53,182610,20885,0
1969101,28276,9311,21603.22455,59,BAT2136391,12.54588365,F,D4,MORTGAGE,91506.69105,Source Verified,n,Debt Consolidation,28.13761862,0,0,14,0,1843,2.073039873,20,w,863.3243956,18.77866007,4.316277344,1.020074954,0,INDIVIDUAL,66,0,34,89801,26155,0
6651430,11170,6954,17877.15585,59,BAT2428731,16.73120146,C,C3,MORTGAGE,108286.5759,Source Verified,n,Debt consolidation,18.04373003,1,0,7,0,13819,67.46795121,12,w,288.173196,0.044131373,0.107020281,0.749970993,0,INDIVIDUAL,39,0,40,9189,60214,0
14354669,16890,13226,13539.92667,59,BAT5341619,15.00830022,C,D4,MORTGAGE,44234.82545,Source Verified,n,Credit card refinancing,17.20988604,1,3,13,1,1544,85.25076114,22,w,129.2395533,19.30664639,1294.818751,0.368952918,0,INDIVIDUAL,18,0,430,126029,22579,0
50509046,34631,30203,8635.931613,36,BAT4694572,17.24698602,B,G5,RENT,98957.47561,Not Verified,n,Credit card refinancing,7.914332762,3,2,16,0,2277,51.56447606,20,w,464.818124,0.088584348,5.043575438,0.581687716,0,INDIVIDUAL,32,0,42,51252,27480,0
32737431,30844,19773,15777.51183,59,BAT4808022,10.73143231,C,C5,RENT,102391.8243,Verified,n,Home improvement,15.08391059,0,0,11,0,14501,46.80880397,37,w,525.7381086,0.083528284,3.167937127,0.553076428,0,INDIVIDUAL,71,0,3388,42069,31068,0
63151650,20744,10609,7645.014802,58,BAT2558388,13.99368786,A,A5,OWN,61723.52014,Not Verified,n,Debt consolidation,29.82971503,0,0,14,0,13067,23.93662444,33,w,1350.245212,0.044964815,0.098448003,0.047589103,0,INDIVIDUAL,87,0,48,184909,43303,0
4279662,9299,11238,13429.45661,59,BAT5341619,11.17845658,G,C2,MORTGAGE,63205.09072,Verified,n,Credit card refinancing,26.24471043,0,0,6,0,549,15.94738599,17,w,4140.198978,0.01710584,0.530213558,0.216985337,0,INDIVIDUAL,144,0,26,68126,7482,0
4431034,19232,8962,7004.097481,58,BAT2078974,5.520412677,C,B5,RENT,42015.46586,Source Verified,n,Credit card refinancing,10.04854906,1,0,11,0,1361,35.07334484,30,f,2149.666963,0.008337931,2.912214614,0.886864352,0,INDIVIDUAL,9,0,35,71650,14871,0
22010590,8640,6428,8169.779401,59,BAT2252229,8.627336503,B,A5,RENT,41858.88652,Verified,n,Debt Consolidation,14.26647369,0,0,17,0,4005,61.27955642,46,f,107.8900429,0.04420826,3.502267497,0.769926275,0,INDIVIDUAL,34,0,26,141492,18025,0
3975562,16581,8767,10637.04903,59,BAT2333412,9.535987839,A,D4,MORTGAGE,39605.50605,Source Verified,n,Credit Consolidation,32.5409807,1,0,10,2,8266,25.62485547,21,w,1276.258125,0.029185139,7.742979135,1.120056184,0,INDIVIDUAL,55,0,30,33296,11356,0
1793329,31238,11317,12595.09746,58,BAT5341619,8.009151305,E,D3,MORTGAGE,32108.74657,Not Verified,n,Credit card refinancing,30.57773072,1,0,8,0,148,83.59974136,20,w,615.0105267,0.032341635,7.902346568,0.915752599,0,INDIVIDUAL,120,0,5,259368,14163,0
41969824,34653,18985,4917.125714,58,BAT4694572,10.59015342,F,B1,MORTGAGE,60883.55633,Source Verified,n,Green loan,11.16411216,0,0,11,0,19097,28.50511393,33,w,6344.628302,0.073004435,4.483083909,0.389227761,0,INDIVIDUAL,72,0,1572,304173,28826,0
3922183,31157,9885,31585.98335,59,BAT5849876,9.016251988,C,B4,OWN,83900.04313,Not Verified,n,Debt Consolidation,29.23281108,0,0,10,0,542,46.39051225,12,f,3157.741904,0.024345894,6.603832364,1.605330334,0,INDIVIDUAL,83,0,58,207613,12827,0
9813088,27859,33502,16545.20307,36,BAT2833642,14.84819001,B,A4,OWN,68062.5995,Source Verified,n,Credit card refinancing,17.71530168,0,0,9,0,5904,44.38899747,13,f,150.376663,0.039969602,3.345746622,0.627521787,0,INDIVIDUAL,126,0,26,212092,15379,1
48621970,25721,25880,12038.60189,58,BAT2803411,15.90468542,A,B2,MORTGAGE,114223.9847,Verified,n,Credit card refinancing,24.82525636,0,1,8,1,1232,86.01538182,19,f,1340.112263,0.041917396,5.86918474,0.301490787,0,INDIVIDUAL,128,0,23,42122,4280,0
44295986,16642,9400,10727.56492,58,BAT5525466,11.18268567,B,A4,MORTGAGE,67166.66525,Not Verified,n,Credit card refinancing,19.15539315,0,0,14,0,1889,46.45458905,10,w,1363.056553,0.055918373,5.61049765,0.196200373,0,INDIVIDUAL,66,0,16,128988,15802,0
30780065,6373,12341,10452.66161,59,BAT5714674,7.031038524,E,D2,OWN,330826.2143,Not Verified,n,Debt Consolidation,8.080329016,0,0,12,0,6475,56.87128113,13,f,1494.989294,0.026837542,1.751190268,1.14841005,0,INDIVIDUAL,109,0,21,155822,17998,0
9038338,14058,26523,9622.342364,59,BAT2003848,14.52337296,A,C1,MORTGAGE,48423.25999,Verified,n,Credit card refinancing,32.48889253,6,0,26,0,18181,46.83020379,16,f,1752.799012,32.28935626,2.12352138,1.0560051,0,INDIVIDUAL,76,0,47,151581,9818,1
6162547,19696,27563,10526.63644,58,BAT4722912,16.11918422,C,A5,RENT,370389.982,Not Verified,n,Credit card refinancing,19.50948683,0,0,14,0,17247,44.41053737,16,w,466.2123279,0.031113177,4.047034095,0.71652788,0,INDIVIDUAL,151,0,24,20466,55204,0
66435660,7466,9003,14189.43975,59,BAT3873588,11.79687656,D,F3,MORTGAGE,85812.99223,Source Verified,n,Debt consolidation,19.50666898,0,0,11,0,2328,94.32704679,19,f,9948.692383,0.008098257,0.188238119,1.021255106,0,INDIVIDUAL,33,0,47,27916,29457,0
11199304,7020,9541,14929.71561,58,BAT1780517,8.822586128,B,A4,OWN,41441.45415,Source Verified,n,Other,21.29708503,0,1,17,0,1277,56.28421413,30,f,578.1436678,0.017691202,0.138850976,0.431874995,0,INDIVIDUAL,34,0,1530,185500,4220,0
32389813,8892,26291,22450.58243,59,BAT2078974,12.43565298,D,C1,RENT,58649.76989,Verified,n,Debt consolidation,24.35380495,0,0,31,0,3087,60.04750317,17,w,13166.84295,0.067883424,0.02262096,1.307148125,0,INDIVIDUAL,97,0,17,286866,36970,0
14401087,21267,7841,21444.90757,59,BAT2078974,14.48944627,C,B2,RENT,69494.30472,Not Verified,n,Debt consolidation,25.70538405,0,1,14,0,3060,12.50556201,22,w,730.3392821,0.029297838,3.193105853,0.738897004,0,INDIVIDUAL,49,0,25,25487,6219,0
6688651,15330,21812,12374.39093,59,BAT4271519,8.97109026,A,A5,MORTGAGE,71528.43557,Not Verified,n,Credit card refinancing,29.10877574,0,0,10,0,1553,27.85253293,14,f,551.7245056,0.013078999,1.931140801,0.676964957,0,INDIVIDUAL,88,0,430,34588,9411,1
50701380,15709,10343,15668.20508,59,BAT5341619,12.27009699,D,D1,MORTGAGE,172734.0546,Source Verified,n,Debt consolidation,11.09504677,0,0,28,1,3052,45.37728057,10,w,4655.823392,21.68584968,4.304436459,1.064591822,0,INDIVIDUAL,103,0,16,56336,14619,0
27379187,8411,10655,10981.43838,59,BAT4271519,13.63946728,A,C1,RENT,48782.01673,Verified,n,Debt consolidation,34.54975175,0,0,19,0,5322,67.06807328,12,w,2844.403219,0.040436861,3.782054045,0.497340472,0,INDIVIDUAL,1,0,33,24036,5404,0
6688186,11637,7498,25491.53479,58,BAT5811547,8.931048695,C,C5,RENT,74145.40362,Not Verified,n,Debt consolidation,9.270047981,1,0,12,0,6491,10.87078329,22,w,954.7893514,0.092047454,3.212891963,0.578419727,0,INDIVIDUAL,77,0,43,132702,6783,0
62507160,14843,17071,16734.63267,59,BAT2078974,12.18461614,C,A5,RENT,28352.91868,Source Verified,n,Credit card refinancing,13.33577737,1,0,14,0,4294,51.74027388,7,f,2346.581604,0.000307366,0.540940109,1.485242891,0,INDIVIDUAL,72,0,45,9982,11643,0
13786628,12610,29239,8194.527294,58,BAT2136391,7.188306089,C,F2,MORTGAGE,72002.33562,Verified,n,Credit card refinancing,15.38484199,0,0,9,0,6153,56.34030515,9,w,2783.663504,0.063362526,2227.570429,0.450271574,0,INDIVIDUAL,2,0,23,253942,7961,0
1786725,30665,10765,20266.84145,59,BAT2078974,5.755122233,B,A2,RENT,33045.79131,Verified,n,Credit card refinancing,18.66394443,1,0,15,0,1426,68.37335565,22,f,1238.05182,0.098743645,2.018699013,0.474552235,0,INDIVIDUAL,55,0,56,78057,9671,0
37017086,17767,21333,5424.2037,59,BAT2252229,10.31526857,B,B5,MORTGAGE,59966.83925,Source Verified,n,Debt consolidation,14.54081241,0,0,14,1,34696,28.76521167,9,w,535.8931546,0.013793704,7.119519848,1.156673566,0,INDIVIDUAL,69,0,1285,13213,23408,0
48337307,3406,12829,11484.27452,59,BAT5341619,11.86673273,B,A3,RENT,85401.67555,Source Verified,n,Credit card refinancing,11.57201345,0,0,11,0,15015,65.26566852,16,w,52.72203033,0.026179086,3.289892979,0.548262157,0,INDIVIDUAL,54,0,5,250832,14170,0
63174929,14429,20500,8733.240371,59,BAT2136391,6.337292326,B,C4,RENT,47963.58195,Verified,n,Debt consolidation,33.53538743,0,0,12,0,8090,87.46566919,25,f,1546.934724,0.009235702,1.110145748,1.19504718,0,INDIVIDUAL,13,0,32,150772,15083,0
7704766,15257,6911,3801.22252,59,BAT1184694,16.94266503,C,C5,MORTGAGE,84580.15874,Verified,n,Other,22.14114582,0,0,9,0,925,51.49358221,20,w,2398.925206,0.028181935,6.718479961,1.150437817,0,INDIVIDUAL,72,0,63,155861,13098,0
15156675,12765,6060,26969.03849,59,BAT4136152,11.92291396,A,A2,MORTGAGE,64742.8733,Source Verified,n,Debt consolidation,26.56050424,1,0,17,0,12785,62.87924163,11,w,1030.829841,0.112937334,1.12664361,0.035602852,0,INDIVIDUAL,3,0,38,57303,13906,0
62856099,13945,25903,22556.0292,59,BAT3193689,16.06750016,A,C1,RENT,47347.31763,Verified,n,Debt Consolidation,23.75745399,1,0,11,1,15043,29.44747985,24,w,3000.592296,0.065643399,5.671373009,0.946276765,0,INDIVIDUAL,16,0,26,436915,50694,0
2161884,34866,11591,26043.49702,58,BAT2333412,13.51190167,E,C1,RENT,294661.951,Source Verified,n,Debt consolidation,13.19551857,0,0,12,0,1384,51.6141997,23,f,4219.232281,0.016011387,4.273266191,1.356181601,0,INDIVIDUAL,32,0,36,345473,12965,0
6120643,17076,17783,10635.4437,59,BAT2003848,11.42033667,C,C2,RENT,66549.35528,Not Verified,n,Credit card refinancing,22.10482406,0,0,8,0,20910,85.10060509,15,f,1001.794059,0.057313161,427.2613946,0.341929843,0,INDIVIDUAL,154,0,24,389775,30025,0
8317031,16156,15101,15337.76786,58,BAT2803411,6.333258012,C,F1,RENT,82649.72674,Verified,n,Credit card refinancing,29.50042101,0,0,11,0,1559,69.51937324,10,f,3940.421071,0.02907535,0.331475151,0.574378831,0,INDIVIDUAL,67,0,31,145215,4187,0
10527261,14763,12923,19905.77535,59,BAT5525466,20.09703077,B,D4,RENT,129712.7712,Source Verified,n,Credit card refinancing,26.53564905,0,2,12,0,2753,45.3806262,9,w,959.9872012,0.077263759,2.738869719,0.558352938,0,INDIVIDUAL,82,0,45,75380,2527,0
3910168,11480,6287,13873.33468,59,BAT4271519,8.721857148,A,D2,RENT,118616.1118,Not Verified,n,Credit card refinancing,37.98731901,0,0,7,0,3394,65.46295219,21,f,2094.721282,0.023595359,8.991077484,1.139066341,0,INDIVIDUAL,90,0,45,52369,68542,0
1853549,4710,24672,32097.00319,59,BAT1467036,20.13858072,E,E5,MORTGAGE,94712.76099,Not Verified,n,Credit card refinancing,15.88712963,1,0,11,0,16224,59.21066888,9,w,536.7947004,0.017756641,0.076523974,0.687086881,0,INDIVIDUAL,28,0,56,109452,6544,0
36828690,31701,31200,23464.35525,59,BAT2803411,9.912737068,E,B5,RENT,73168.38098,Verified,n,Credit card refinancing,19.88250301,0,0,9,0,4583,60.9593952,46,f,3178.229655,0.030437558,0.936724524,1.029249186,0,INDIVIDUAL,139,0,570,118218,33597,1
64288414,4130,13923,14998.4745,58,BAT4271519,6.661512455,C,B3,OWN,73857.27918,Verified,n,Debt consolidation,16.42138097,0,0,15,0,3111,65.58600452,18,f,686.0611143,0.035328996,1.672271705,1.407799445,0,INDIVIDUAL,139,0,26,321958,4368,0
7725809,28624,10900,11924.19513,59,BAT2575549,12.22871591,B,A2,MORTGAGE,51173.45461,Verified,n,Credit card refinancing,23.65564632,0,0,13,0,3364,65.15205923,17,w,1422.730103,0.012425561,1.435707561,0.794075134,0,INDIVIDUAL,98,0,29,18810,9888,0
26403174,21447,9913,9138.181343,59,BAT4694572,9.3831488,A,A4,MORTGAGE,21419.38883,Verified,n,Debt consolidation,14.15561583,0,0,17,0,19586,75.65340199,28,f,1408.69119,0.028741541,2.295979993,0.925390646,0,INDIVIDUAL,50,0,20,94148,13700,0
8016427,17046,7180,11628.41831,58,BAT4271519,15.47317103,E,F4,OWN,53655.2246,Not Verified,n,Other,16.49837305,0,0,10,2,3258,79.96025426,21,w,1597.832979,0.051134352,3.448811566,0.932915196,0,INDIVIDUAL,14,0,43,119262,19840,0
9747171,4959,8318,23011.48459,59,BAT3873588,20.26498078,E,C4,MORTGAGE,97501.23038,Source Verified,n,Credit card refinancing,13.39118775,1,1,33,0,2285,92.27066159,15,w,256.7945692,0.050053203,5.301986252,1.197849663,0,INDIVIDUAL,16,0,43,96506,6036,0
32087642,9075,7554,7075.237426,59,BAT4808022,16.63855458,B,D2,MORTGAGE,286268.9866,Verified,n,Debt consolidation,37.7463114,0,0,15,0,11838,9.54549108,8,w,1220.150507,0.021867279,5.346615239,0.00603763,0,INDIVIDUAL,33,0,12,144115,12923,0
20844882,21486,9988,10121.64463,59,BAT2833642,9.442609193,E,B2,OWN,62947.39354,Not Verified,n,Credit card refinancing,19.96481071,0,0,6,1,6956,38.49058696,11,f,883.7878891,0.016111939,1.000346882,1.436249772,0,INDIVIDUAL,6,0,46,176315,22820,0
3130532,28872,11321,13585.49136,58,BAT1467036,10.28384575,B,C3,MORTGAGE,77113.76875,Source Verified,n,Debt consolidation,13.13575883,1,0,11,0,13437,73.15271233,8,f,3430.087627,0.105587001,3.922994764,0.828547586,0,INDIVIDUAL,42,0,1116,304047,23912,0
6477549,31289,12661,33261.50825,59,BAT2333412,7.438743197,D,C1,MORTGAGE,67369.05728,Verified,n,Credit card refinancing,13.9097984,2,0,10,1,2674,53.7816002,38,f,1840.197588,0.032877451,6.715133949,0.712676464,0,INDIVIDUAL,34,0,40,313647,8194,0
12734776,27187,20527,6480.675216,59,BAT2078974,8.047907239,C,G1,RENT,43653.61923,Verified,n,Debt consolidation,17.4238055,1,0,11,0,2455,43.00344151,27,w,543.353655,0.018271433,0.527615327,1.163875785,0,INDIVIDUAL,65,0,20,119894,27176,0
7399019,22449,8637,10993.48134,59,BAT4351734,16.18291683,B,B3,MORTGAGE,76628.73885,Source Verified,n,Credit card refinancing,20.95993872,0,0,10,0,4201,48.19299752,21,w,2224.181468,0.018681395,0.907369963,0.583320777,0,INDIVIDUAL,55,0,2,62133,39028,0
3518998,18955,22132,9329.907223,59,BAT2575549,13.88749769,B,C1,RENT,64114.00203,Verified,n,Home improvement,26.72902682,2,0,19,0,4315,20.41107846,23,w,13852.67375,0.026589684,4.148685507,0.9536568,0,INDIVIDUAL,118,0,26,222500,27677,0
29852082,14592,12927,4079.189091,36,BAT2803411,14.32034583,C,F4,RENT,134629.2464,Verified,n,Credit card refinancing,28.85278343,7,0,10,0,1570,21.62674502,15,f,1961.811978,0.01295718,0.906798847,1.483051013,0,INDIVIDUAL,71,0,52,136171,111908,0
6992588,6169,11370,7614.00537,59,BAT3193689,12.94586296,E,F5,RENT,41912.9056,Not Verified,n,Debt consolidation,15.53315865,0,0,15,0,2937,56.14943716,13,f,2054.3888,0.042774471,3192.089403,0.10056411,0,INDIVIDUAL,157,0,51,46746,6785,0
51946853,9193,17814,9761.9302,58,BAT1586599,11.30775145,C,B5,OWN,52573.92793,Not Verified,n,Credit card refinancing,33.17893716,0,0,11,0,38326,57.01117614,20,f,80.25691092,0.035456266,9.799570517,0.428979435,0,INDIVIDUAL,161,0,41,282156,11386,0
22719437,20365,11800,11446.14644,59,BAT2003848,7.925486149,D,B5,MORTGAGE,44818.84605,Source Verified,n,Credit card refinancing,8.715409606,0,2,30,0,5522,54.85890396,20,f,975.6624743,0.02913443,5.740349154,0.824460909,0,INDIVIDUAL,137,0,61,87851,8671,0
11220256,4949,11569,15248.53803,58,BAT1104812,10.50326198,B,B2,RENT,46663.01716,Source Verified,n,Credit card refinancing,15.73929688,0,0,17,0,6849,64.90503129,27,w,3306.92562,0.052172785,4.784158664,0.394677072,0,INDIVIDUAL,155,0,41,27225,11498,1
2180347,13589,19715,20361.36289,59,BAT5924421,5.940344805,C,F1,RENT,53150.31829,Verified,n,Credit card refinancing,39.44036875,0,0,12,1,8516,73.07604662,29,w,2064.746581,0.004365292,5.851959371,1.060530455,0,INDIVIDUAL,122,0,28,36569,17562,0
22565249,15778,16137,14743.67784,59,BAT4136152,10.50206277,A,C4,MORTGAGE,57229.90064,Source Verified,n,Debt consolidation,31.94312193,1,0,11,1,8581,69.32253469,24,f,4560.005933,0.05837609,4.536948239,0.314828999,0,INDIVIDUAL,57,0,53,19575,4715,0
25024073,25004,22761,9637.714679,59,BAT1930365,14.65426884,C,E1,MORTGAGE,56570.39291,Verified,n,Credit card refinancing,19.44420196,0,0,30,0,6137,68.3662372,25,f,1908.953601,0.004856773,5.036287718,0.042345936,0,INDIVIDUAL,152,0,49,39430,5546,1
8001054,29577,8181,9588.860092,58,BAT1766061,12.72616957,G,D1,MORTGAGE,111770.3289,Source Verified,n,Debt consolidation,6.191979923,0,0,12,0,4367,25.79715219,7,w,1977.017023,0.02241654,0.860894882,0.810100969,0,INDIVIDUAL,131,0,43,117338,1213,0
29852044,10063,14078,10988.50487,59,BAT3873588,5.412064918,B,B2,MORTGAGE,18731.58709,Not Verified,n,Credit card refinancing,14.44061985,0,0,12,0,8927,100.2489452,6,w,508.2496288,0.14745982,6.290531347,1.012356258,0,INDIVIDUAL,51,0,250,100830,7161,0
1812674,16216,10287,9768.26899,59,BAT2333412,10.31412856,C,E2,MORTGAGE,114960.5706,Not Verified,n,Credit card refinancing,18.07741519,0,0,10,0,2290,70.76604851,26,w,2217.445638,0.066622038,1.30181168,0.061282054,0,INDIVIDUAL,119,0,34,68654,53538,0
7092765,16956,11340,9454.19016,59,BAT5489674,10.68115743,F,C5,RENT,41688.39883,Source Verified,n,Other,23.39826537,1,2,14,0,5236,53.30896809,18,f,2807.674905,18.45633318,0.541259112,1.116522258,0,INDIVIDUAL,37,0,33,209723,23234,0
1369804,2442,33799,14397.13425,59,BAT1780517,11.85308702,A,B4,MORTGAGE,117074.4717,Source Verified,n,Debt Consolidation,13.72687702,0,0,8,1,4609,49.6146202,26,f,2121.66099,0.031063472,0.444017931,0.168119996,0,INDIVIDUAL,125,0,43,75215,14929,0
4278463,10802,23509,26811.77933,58,BAT5489674,12.4099343,B,B4,RENT,37243.78933,Verified,n,Debt consolidation,24.03678219,0,0,13,0,11151,80.50076846,15,w,496.5043414,0.020987328,7.150555711,1.427513985,0,INDIVIDUAL,96,0,2,196185,13290,0
3564216,10301,9937,12145.09669,59,BAT2575549,12.16491936,F,E2,RENT,97409.93052,Verified,n,Debt consolidation,14.88220633,0,0,21,0,7787,16.66501182,15,w,1198.257544,0.062599391,2.636330364,0.518661538,0,INDIVIDUAL,4,0,50,57801,16814,0
7774779,22942,11618,30377.96627,59,BAT2078974,15.26153154,B,A4,RENT,72848.33641,Verified,n,Credit card refinancing,22.58434157,0,2,13,0,10565,49.70109375,6,f,535.0834787,0.003415817,4.470871751,0.581419213,0,INDIVIDUAL,6,0,51,62749,17285,0
56187609,15190,13289,11555.98257,36,BAT3873588,6.130753468,C,B2,RENT,156853.0744,Verified,n,Credit card refinancing,13.59944218,0,0,28,0,7250,63.05464962,24,f,707.5883781,0.061589176,6.716224535,1.019341178,0,INDIVIDUAL,41,0,43,382209,33057,0
2260612,4433,25921,11002.01874,59,BAT1184694,14.17500461,F,B4,RENT,73679.4657,Verified,n,Debt consolidation,30.62014287,0,0,12,0,9137,58.00023663,11,f,1518.400856,0.02172259,3.063689921,1.083889961,0,INDIVIDUAL,96,0,1127,285645,37649,1
19246564,23262,11112,11183.69133,59,BAT2575549,8.617188959,B,D5,MORTGAGE,40015.54894,Verified,n,Debt consolidation,21.26652912,0,0,14,0,6359,46.21778909,16,w,209.395766,0.100964851,2.096269382,0.088892201,0,INDIVIDUAL,140,0,29,150870,13488,0
63629135,15033,22997,31357.05456,59,BAT3873588,11.18407361,C,B1,RENT,76458.38782,Source Verified,n,Moving and relocation,17.23655958,0,0,16,0,2652,100.0344593,16,w,926.5085222,0.045956855,5.142237591,1.201465702,0,INDIVIDUAL,13,0,613,4451,18598,0
47027643,16134,20290,12864.72013,59,BAT2575549,18.87969864,B,D5,RENT,137996.4781,Verified,n,Debt consolidation,10.81689095,1,1,17,0,14798,38.59227853,11,w,466.3260577,0.036660373,4.170863937,0.889694653,0,INDIVIDUAL,57,0,15,206813,54227,0
60627722,11268,28636,11332.13755,59,BAT1930365,16.1218133,C,C2,MORTGAGE,65318.77849,Source Verified,n,Debt consolidation,7.310335538,0,0,15,0,1467,57.79465818,4,w,6771.047992,0.090287879,0.702406162,0.68933113,0,INDIVIDUAL,53,0,422,327663,4982,0
5777207,18874,16334,9289.247238,59,BAT3865626,22.01976892,C,F4,MORTGAGE,74408.13756,Verified,n,Debt consolidation,8.678502925,0,0,12,1,4249,66.29888879,5,f,744.5339089,0.022013359,3.901512003,0.680021888,0,INDIVIDUAL,153,0,50,198127,19431,0
18776112,27730,5060,10119.36784,59,BAT5525466,6.4772491,B,B4,MORTGAGE,78027.65241,Not Verified,n,Debt consolidation,14.05821043,0,0,11,0,4607,43.07416057,14,f,2880.55649,16.8711173,3.999698347,0.981570587,0,INDIVIDUAL,14,0,21,53939,7635,0
22233171,9163,10905,14912.17612,58,BAT3865626,10.40986109,B,E5,MORTGAGE,82437.50041,Source Verified,n,Credit card refinancing,29.2969383,0,0,14,0,697,32.23034755,17,w,85.35839828,0.006688709,1.628483784,0.896667209,0,INDIVIDUAL,74,0,34,231814,41489,0
43003029,9402,26235,8039.922918,59,BAT2078974,13.64607866,C,B4,RENT,386152.9459,Source Verified,n,Debt Consolidation,34.39743649,0,1,19,0,5066,29.92540928,23,w,1186.503772,0.069603233,5.570325173,0.706376214,0,INDIVIDUAL,60,0,28,162902,37778,0
5084526,23234,10633,17320.33314,59,BAT3873588,14.8209835,B,A5,MORTGAGE,92295.37805,Source Verified,n,Credit card refinancing,23.50325258,0,0,13,0,7147,69.65108525,11,w,388.8950153,0.034715376,9.055810755,0.920025432,0,INDIVIDUAL,93,0,54,37571,5724,1
5307595,7868,14622,13290.41345,59,BAT5629144,10.68664298,C,F2,MORTGAGE,36824.39508,Verified,n,Credit card refinancing,10.70433232,0,0,7,0,1208,19.61335213,14,w,1116.018674,0.058848304,2.372482591,0.842098168,0,INDIVIDUAL,117,0,43,265721,13432,0
34195406,15409,22848,12242.83659,59,BAT5547201,9.79433415,B,D2,MORTGAGE,45915.71958,Source Verified,n,Debt consolidation,19.03602584,0,0,14,0,15777,34.50143625,16,f,3373.670363,0.03160528,5.917623934,1.402982259,0,INDIVIDUAL,72,0,20,67117,16589,0
19444023,5332,9588,11149.45685,59,BAT5849876,12.07731012,A,F4,MORTGAGE,70197.35701,Verified,n,Home improvement,8.590703622,0,0,11,1,10808,25.70793617,27,w,59.06569487,0.039715228,1.44532911,1.017530243,0,INDIVIDUAL,145,0,21,6124,6785,0
43084856,10262,24163,11523.63255,59,BAT2575549,16.68347345,C,G2,RENT,66476.89537,Source Verified,n,Credit card refinancing,37.13947532,0,0,8,0,3401,20.25550447,27,w,183.9369872,0.004901669,4.355062217,0.845718406,0,INDIVIDUAL,88,0,42,29601,23001,0
41620508,34553,10461,21435.7258,59,BAT2333412,5.672855874,C,D2,RENT,42212.80866,Source Verified,n,Credit card refinancing,36.42107789,0,0,15,0,3452,44.20303136,24,f,1251.654633,0.026035156,2.512870342,1.313914697,0,INDIVIDUAL,119,0,34,90161,37201,0
15718637,8340,12161,10179.75447,59,BAT2575549,8.089994045,A,B1,RENT,43375.83938,Verified,n,Debt consolidation,33.84939227,2,0,17,0,5475,5.472934544,9,w,382.9302053,0.029783126,2.688327548,0.521743079,0,INDIVIDUAL,54,0,29,14901,12946,1
38633242,19012,8291,11909.23019,59,BAT3873588,14.39041225,C,C4,RENT,130973.8078,Source Verified,n,Credit card refinancing,32.54295719,0,0,6,0,9832,63.93753325,25,w,195.9797285,0.00377072,4.036304952,1.055537261,0,INDIVIDUAL,13,0,20,45783,23352,1
19731299,19528,34340,11609.36973,58,BAT1104812,10.96174828,B,D1,MORTGAGE,55630.56511,Verified,n,Credit card refinancing,14.68419372,0,0,18,0,4223,52.38895299,19,w,1629.854867,0.006944244,8.019456176,0.786114471,0,INDIVIDUAL,57,0,54,297848,5260,0
19027988,32707,23082,27140.61858,59,BAT2522922,21.0839305,D,B4,MORTGAGE,67972.42952,Source Verified,n,Credit card refinancing,14.53249364,0,0,10,0,4849,59.08607464,11,f,1564.523795,0.034562491,4.267974629,1.11098436,0,INDIVIDUAL,67,0,51,421009,11260,1
9015764,33101,9846,22189.7011,59,BAT5714674,15.59790901,A,A2,RENT,67673.11467,Source Verified,n,Credit card refinancing,23.73090216,1,0,16,0,3147,69.39285069,26,w,4115.66684,0.051510987,0.530089732,1.081843415,0,INDIVIDUAL,71,0,28,216683,20990,0
8606788,19697,9255,5576.329027,58,BAT1184694,13.98043716,B,D1,RENT,17703.86068,Verified,n,Debt consolidation,18.59816984,0,0,9,0,10455,16.43051579,14,w,2014.744851,0.051744673,4.396425669,1.193012648,0,INDIVIDUAL,95,0,49,41044,11485,0
34112090,19712,17747,8754.377754,59,BAT224923,12.52030133,A,B2,MORTGAGE,32039.42892,Verified,n,Debt consolidation,10.13983242,0,0,17,0,2064,48.43834892,9,f,202.605525,0.044393204,6.579429205,1.151516727,0,INDIVIDUAL,76,0,15,182801,7063,0
63428833,34500,22761,10389.48889,58,BAT1104812,11.55667181,E,B2,MORTGAGE,59388.58073,Source Verified,n,Credit Cards,15.32728523,0,0,11,0,17918,61.52218689,13,w,2501.286296,0.025857649,1.249112605,1.393454494,0,INDIVIDUAL,119,0,27,371332,35102,0
21613984,6932,10232,26976.32516,59,BAT5714674,10.22145259,B,A5,MORTGAGE,83412.26298,Source Verified,n,Debt consolidation,24.600689,1,0,12,0,10956,90.39186036,16,w,4371.8404,0.076644224,5.459416017,0.221012426,0,INDIVIDUAL,106,0,26,205621,16613,0
7610082,27105,13372,11049.46448,58,BAT4808022,13.28335143,E,B3,RENT,38869.85357,Source Verified,n,Debt consolidation,19.48944445,0,0,9,0,4838,60.34515337,18,f,265.5269177,0.048139995,1.523816355,0.592089806,0,INDIVIDUAL,17,0,26,524212,28454,0
58097897,16588,26241,10085.84604,59,BAT4808022,11.99477817,B,F2,RENT,123639.2773,Source Verified,n,Debt consolidation,26.64558162,0,0,13,0,17617,45.6471315,26,f,128.4280267,0.04748897,8.269624748,0.213190083,0,INDIVIDUAL,36,0,22,79470,21508,0
2864761,4911,5270,9810.738085,59,BAT3873588,5.640488647,D,B5,RENT,62497.83049,Not Verified,n,Debt consolidation,17.50722392,1,0,12,0,5922,8.638040512,23,w,1320.381977,0.030280728,3.891143761,0.884062102,0,INDIVIDUAL,156,0,11,319884,27246,0
16437877,10997,7637,13290.56956,58,BAT3193689,14.64941059,D,D2,OWN,65773.90572,Verified,n,Debt consolidation,22.36930065,0,0,27,0,34647,41.41673527,15,w,771.6890647,0.005471137,0.754280453,1.056631684,0,INDIVIDUAL,22,0,26,97114,40565,0
17290740,14590,20447,5216.894616,58,BAT2833642,7.024061782,C,C1,RENT,92233.82044,Source Verified,n,Credit card refinancing,26.09190619,0,0,12,1,3931,64.23604264,25,f,2041.699226,0.025368453,4.899985621,0.930863051,0,INDIVIDUAL,9,0,44,242687,46902,0
11025060,12164,3307,11435.76135,59,BAT5714674,11.93430479,C,A5,RENT,140167.7504,Verified,n,Credit card refinancing,9.553778696,0,1,10,0,5861,34.43130165,8,f,893.1792247,0.032001287,1.866528868,1.006625206,0,INDIVIDUAL,130,0,29,140674,6402,0
14520277,30477,24645,13470.86981,59,BAT2428731,13.88803055,F,A2,MORTGAGE,44791.36836,Source Verified,n,Credit card refinancing,28.83185581,0,0,9,0,8958,49.88964393,19,w,1067.821486,0.069181845,2.325300123,0.313786539,0,INDIVIDUAL,64,0,16,179670,72322,0
14224078,15083,33963,11767.01018,59,BAT2575549,7.215481114,E,C2,MORTGAGE,163851.2606,Verified,n,Debt consolidation,36.32120885,0,0,10,0,10152,54.48039189,30,w,2249.7559,0.04483897,2.759833943,1.086192529,0,INDIVIDUAL,74,0,41,20330,30337,0
40076810,5473,11665,34312.2271,59,BAT2803411,12.92867827,B,B5,MORTGAGE,44179.34169,Source Verified,n,Credit card refinancing,27.31811806,0,0,13,0,1462,41.626692,32,f,1321.596744,0.019502055,2.541120835,0.966162356,0,INDIVIDUAL,126,0,14,118379,36962,0
2788342,19155,22260,21630.69685,59,BAT2558388,12.23959932,D,C2,MORTGAGE,57403.16411,Not Verified,n,Medical expenses,6.17962482,0,0,11,0,3278,83.52191394,14,f,843.9685511,0.032388916,2.328316968,1.504225988,0,INDIVIDUAL,43,0,47,238518,4071,0
2236605,15511,8886,14174.47979,59,BAT224923,20.58933069,D,E4,OWN,60662.89127,Verified,n,Debt consolidation,14.82089663,0,0,20,0,2238,79.19561488,37,w,3404.834226,0.002599255,6.688501498,1.139626208,0,INDIVIDUAL,72,0,54,405071,38476,0
61970231,16571,23658,10855.96466,59,BAT3873588,9.313523728,C,A2,MORTGAGE,89317.83877,Source Verified,n,Debt consolidation,29.5141093,0,0,12,1,2058,46.2450085,22,f,92.93078312,0.028948339,6.393374564,0.566086855,0,INDIVIDUAL,110,0,43,90380,18686,0
3473470,31247,27915,16548.92767,59,BAT4694572,14.45055173,C,B5,OWN,100195.0723,Source Verified,n,Debt consolidation,23.72835959,0,0,13,0,10130,24.38183949,15,w,279.8913344,0.044662458,0.081262976,0.516211946,0,INDIVIDUAL,8,0,25,400021,32874,0
29134239,18442,7168,10839.38031,58,BAT2575549,5.51594959,E,E5,MORTGAGE,69677.5917,Source Verified,n,Credit card refinancing,21.82516895,0,0,30,0,2424,43.85367613,28,f,320.9073426,0.015867791,3.129813492,0.139009799,0,INDIVIDUAL,101,0,61,118510,19230,0
16014358,31877,29936,15323.43022,58,BAT5629144,9.48235534,B,A2,RENT,109091.1803,Verified,n,Credit card refinancing,17.50551224,0,0,12,0,6217,50.57453601,13,w,1212.998131,0.064497383,2.9467562,0.703366463,0,INDIVIDUAL,138,0,10,202420,25335,0
12548809,9568,10303,23392.08783,58,BAT1766061,16.3515771,D,F1,MORTGAGE,59432.19567,Not Verified,n,Debt consolidation,20.09928398,1,0,13,0,5543,19.1686243,28,w,1345.497199,0.033821115,1.231346092,0.606711483,0,INDIVIDUAL,64,0,43,16369,16332,0
65177981,13832,11990,27491.42966,59,BAT2575549,11.07628562,E,C2,MORTGAGE,75067.98557,Verified,n,Debt consolidation,9.477628953,0,0,8,0,1652,58.50040909,11,f,8201.179688,0.060480971,10.40774915,1.115837122,0,INDIVIDUAL,59,0,45,79122,44577,0
10526966,14021,31202,9990.380948,59,BAT5629144,8.740501874,B,B2,MORTGAGE,61996.34967,Verified,n,Debt consolidation,21.98545631,0,0,13,0,2877,85.64662638,14,w,3471.49465,0.052259133,3.062121451,0.196331315,0,INDIVIDUAL,97,0,23,11140,8086,0
4359149,17583,31569,8380.16844,58,BAT5924421,8.999371776,B,D1,MORTGAGE,187490.5161,Verified,n,Credit card refinancing,30.91437173,0,0,14,0,67,31.03566524,10,w,280.3176992,0.0625046,5.435380397,0.645875617,0,INDIVIDUAL,37,0,41,71887,4141,0
59906417,10050,16263,10252.14189,59,BAT2333412,9.662545713,E,A1,MORTGAGE,89590.96812,Source Verified,n,Home improvement,12.6110819,0,0,18,0,12938,81.39056865,19,f,146.3776016,0.004378677,3.983103104,1.254576291,0,INDIVIDUAL,91,0,38,38411,19235,0
24865053,19103,18784,8485.781331,58,BAT2803411,15.62445437,C,A1,MORTGAGE,237117.7525,Source Verified,n,Debt consolidation,34.214566,0,1,31,2,25973,44.26774813,12,f,4769.094152,0.035505871,1.924224768,0.950988977,0,INDIVIDUAL,67,0,3,90636,8876,0
4889688,12288,9775,21631.48475,59,BAT4808022,11.49312901,G,D1,MORTGAGE,72085.03414,Source Verified,n,Other,22.23452723,0,1,31,0,7405,40.82076061,19,w,1144.469476,0.025662173,4.304649681,1.063296897,0,INDIVIDUAL,71,0,23,60028,21192,0
9817678,19335,25839,14923.47527,59,BAT1184694,13.32459385,A,A2,MORTGAGE,113516.155,Source Verified,n,Debt consolidation,29.11603798,0,0,8,0,18773,31.05291416,13,w,1333.145211,0.02323501,4.691135699,0.714863093,0,INDIVIDUAL,71,0,14,477315,14152,0
7149491,17107,22084,18550.0849,59,BAT2558388,17.59122458,C,A3,MORTGAGE,81922.94431,Not Verified,n,Debt consolidation,18.47250335,0,1,20,0,5350,74.09629321,19,f,4969.435713,0.057576594,3.226046198,0.999892342,0,INDIVIDUAL,0,0,29,173984,9176,0
18745749,17300,18253,10246.2496,59,BAT1586599,11.29934367,B,D1,MORTGAGE,56327.15638,Verified,n,Credit card refinancing,17.19162781,0,0,10,0,6626,42.24723288,22,f,1875.08783,0.095865225,2.866434061,0.371200228,0,INDIVIDUAL,17,0,35,69420,43608,0
9653112,16714,5087,11558.51267,59,BAT2803411,10.821663,C,B4,MORTGAGE,84852.13311,Source Verified,n,Credit card refinancing,16.71456796,0,2,13,0,3551,77.69049621,25,w,768.5192643,0.107395245,4.46274898,0.353845177,0,INDIVIDUAL,147,0,32,292074,34615,0
34678923,5625,9795,10270.27682,59,BAT2333412,21.20271454,A,B5,OWN,37922.49747,Source Verified,n,Debt consolidation,15.18770803,0,0,11,0,1787,50.24784581,26,f,527.4364154,0.02841294,7.837200127,0.122486638,0,INDIVIDUAL,83,0,34,458684,12159,0
40050000,16835,13110,7196.357287,59,BAT1766061,13.00316087,D,E2,RENT,104112.7701,Not Verified,n,Debt consolidation,24.74721911,0,0,7,0,4924,89.52193772,15,w,8020.278068,0.022276338,6.070656509,0.655194424,0,INDIVIDUAL,159,0,27,122907,15927,0
30669778,8539,5308,21717.85996,36,BAT2575549,18.04222016,C,B3,RENT,217495.6013,Not Verified,n,Debt consolidation,17.25651245,0,1,9,0,7295,67.18842194,15,f,1190.124482,0.012716991,1.687812763,0.484701423,0,INDIVIDUAL,33,0,29,271792,5391,0
32845952,21254,22693,8373.731375,59,BAT5849876,16.94363787,B,B3,MORTGAGE,88414.98017,Source Verified,n,Other,28.01778525,0,0,11,0,7968,56.20305087,32,w,12444.04384,0.064781729,5.71374823,1.091957057,0,INDIVIDUAL,65,0,22,275677,15877,0
30334616,17368,12979,14697.65234,59,BAT3865626,5.764559121,A,C3,RENT,90388.8588,Verified,n,Debt consolidation,31.21088057,0,0,12,0,3716,66.02647326,9,f,2363.433393,0.051464877,4.843706154,1.253485017,0,INDIVIDUAL,21,0,11,185676,43133,0
7119229,15592,6277,17440.28293,58,BAT2558388,21.42424529,C,F2,MORTGAGE,84868.35323,Not Verified,n,Debt consolidation,26.68523666,0,0,14,0,970,15.78769857,18,f,2599.58567,0.032840276,4.690766501,1.241121644,0,INDIVIDUAL,13,0,16,81648,78549,0
62852099,22599,23314,22503.45188,59,BAT2078974,11.82774448,A,D1,MORTGAGE,116358.6359,Source Verified,n,Debt consolidation,25.32065164,0,0,14,0,12710,99.58253016,29,w,2246.09366,0.010559881,1.912922953,0.45072737,0,INDIVIDUAL,123,0,1,39234,53531,0
3768087,26769,5942,16429.54871,59,BAT2003848,9.087443925,C,E4,MORTGAGE,44716.23656,Verified,n,Credit card refinancing,21.42749363,1,0,20,0,14151,58.24660742,6,f,1746.523989,0.033529629,1.501728773,0.837710737,0,INDIVIDUAL,61,0,370,78722,158957,0
58619925,7961,15271,7515.700396,59,BAT2252229,9.715683005,B,A4,MORTGAGE,54396.93556,Not Verified,n,Debt consolidation,12.71784076,0,0,7,0,8704,33.56784348,17,w,964.2124883,0.110385458,0.036265846,0.017135144,0,INDIVIDUAL,7,0,44,1899,8765,0
63432275,3152,25702,13252.11941,59,BAT2252229,15.18287469,D,C4,MORTGAGE,87157.3832,Source Verified,n,Debt consolidation,30.71139296,0,0,14,0,1335,32.73234391,56,f,5816.59249,0.017026843,1.490519258,0.374347904,0,INDIVIDUAL,40,0,47,58416,12179,0
40606147,31614,10710,8080.548262,58,BAT2558388,11.66804355,C,A3,MORTGAGE,136242.5031,Verified,n,Credit card refinancing,25.05974674,1,0,12,0,11186,54.76205077,20,f,594.335701,0.011268703,4.379846604,0.984859221,0,INDIVIDUAL,12,0,31,424351,48413,0
30690161,30472,8133,25714.67948,58,BAT2522922,17.44658307,B,B1,MORTGAGE,80706.78566,Source Verified,n,DEBT CONSOLIDATION,25.12968492,1,0,26,0,621,48.06077337,23,w,106.4932523,11.44625892,2826.736001,0.471201987,0,INDIVIDUAL,56,0,25,204205,8612,0
19049042,15564,22175,16556.45227,59,BAT4808022,11.07618026,C,C2,MORTGAGE,44710.19228,Source Verified,n,Credit card refinancing,15.73573514,0,0,6,0,12724,11.78235456,14,f,6955.697225,0.049321529,3.932666092,0.312996019,0,INDIVIDUAL,110,0,18,122278,5772,0
34512860,14450,8019,32089.70393,59,BAT5341619,14.25579531,F,A5,RENT,67038.58382,Verified,n,Credit card refinancing,15.75133113,0,0,14,0,4477,49.64596344,18,w,3262.547355,0.001513047,3.641815633,1.079971477,0,INDIVIDUAL,36,0,42,83618,4768,0
13382273,8093,10835,10693.8602,58,BAT1586599,13.18495882,A,B3,OWN,78956.9017,Not Verified,n,Credit card refinancing,38.10463273,1,0,18,0,3390,55.42377137,18,w,664.4024877,0.067225446,2.497972995,0.815473065,0,INDIVIDUAL,152,0,37,22399,2608,0
67766194,2840,32163,23843.51956,59,BAT4271519,12.94378203,C,B5,OWN,59690.37946,Source Verified,n,Credit card refinancing,30.66905847,0,0,25,0,149,60.49931607,17,w,797.4029098,0.058673589,3.376043053,0.213661916,0,INDIVIDUAL,102,0,56,211688,53598,0
7289420,19375,34326,22706.24495,58,BAT2252229,14.10924485,B,C3,MORTGAGE,82108.38469,Not Verified,n,Debt Consolidation,21.00018864,1,0,6,0,226,4.628461437,23,w,11408.42512,0.011319575,6.454364001,0.505619559,0,INDIVIDUAL,154,0,29,241437,27317,0
49375544,17842,8312,5491.450922,59,BAT3726927,10.95447981,B,G3,MORTGAGE,171614.1715,Source Verified,n,Debt consolidation,25.32701425,0,1,25,1,2804,77.95359133,14,w,580.015241,0.089085527,0.673365316,1.251418642,0,INDIVIDUAL,160,0,15,271896,14671,0
11012870,14840,6910,32085.96663,59,BAT5714674,11.81654335,B,C2,MORTGAGE,109591.6809,Not Verified,n,Debt consolidation,16.41326388,2,0,13,0,9604,12.83442434,26,w,8678.587934,0.080081632,3.43041783,0.892509499,0,INDIVIDUAL,108,0,31,265056,6514,0
4536379,16592,32212,8944.45825,59,BAT2136391,6.614117404,D,C1,OWN,149483.4976,Verified,n,Credit card refinancing,17.18638118,0,0,9,0,2432,17.0920889,14,w,1077.856551,0.002042998,2.127253806,1.172301778,0,INDIVIDUAL,47,0,54,256668,19982,0
5375332,27166,10299,11997.35215,59,BAT5924421,8.247160918,C,D5,MORTGAGE,58029.84401,Source Verified,n,Debt consolidation,20.8301817,0,0,15,0,10949,44.93586153,14,w,7096.098992,0.017497342,3.526021448,0.485541719,0,INDIVIDUAL,86,0,1785,72613,21834,0
16440234,29468,18793,6582.633414,59,BAT1184694,8.554398261,F,D5,MORTGAGE,199668.3225,Verified,n,Credit card refinancing,20.7227546,1,0,14,0,13717,34.06712995,32,w,3555.986362,0.043636828,0.088990817,0.850126365,0,INDIVIDUAL,70,0,6,36297,9515,0
45635574,8948,6487,16990.66225,58,BAT2428731,9.390789604,F,F2,OWN,44058.17835,Source Verified,n,Debt consolidation,30.74709616,1,0,12,0,3259,62.17531759,26,f,2385.263899,0.057574483,5.520148675,0.21041918,0,INDIVIDUAL,157,0,7,39768,4875,0
25336448,13770,26362,8198.811843,59,BAT1586599,13.65140828,F,F1,MORTGAGE,115350.0468,Verified,n,Debt consolidation,11.66382988,0,1,12,0,6718,45.61550761,22,f,3536.85257,0.027130633,1.050861674,0.746845595,0,INDIVIDUAL,80,0,24,38203,18451,0
33986472,25846,8209,13147.51609,59,BAT3873588,20.41681911,A,B5,OWN,32999.88922,Source Verified,n,Credit card refinancing,20.1108928,0,0,15,0,21921,14.441278,14,w,2179.852328,0.062047293,5.132457163,0.554300961,0,INDIVIDUAL,58,0,30,4553,17851,0
